bianyiduliu,bossdrop/19longyanxiejie|bossdrop/19qinxiechongya,peifang/duanzao/p_qingyunjian|peifang/duanzao/p_chixiebishou|peifang/duanzao/p_yanchidao|peifang/duanzao/p_fantieshouwan|peifang/duanzao/p_suishishoutao|peifang/duanzao/p_suishizhongxue|peifang/duanzao/p_fantiekui|peifang/duanzao/p_fantiehutui|peifang/duanzao/p_fantiezhanjia,,and
yanluowang,bossdrop/29mingshepansizhuo|bossdrop/29kuloujiezhi|bossdrop/29youmingtoudai|bossdrop/29youmingchangku|bossdrop/29youmingfapao|bossdrop/29mingyaopiwan|bossdrop/29mingyaoshoutao|bossdrop/29mingyaochangxue|bossdrop/29heiritoukui|bossdrop/29heirikujia|bossdrop/29heirizhongjia,peifang/liandan/p_yanmingdan|peifang/liandan/p_longlidan|peifang/liandan/p_cangtianlu|peifang/liandan/p_shenyusan|peifang/liandan/p_yingzhili|peifang/liandan/p_shenzhili|peifang/liandan/p_guizhili,,and
wudaozhuanlunwang,bossdrop/29wudaolunhuijian|bossdrop/29youmingtoudai|bossdrop/29youmingchangku|bossdrop/29youmingfapao|bossdrop/29mingyaopiwan|bossdrop/29mingyaoshoutao|bossdrop/29mingyaochangxue|bossdrop/29heiritoukui|bossdrop/29heirikujia|bossdrop/29heirizhongjia,peifang/liandan/p_longlidan|peifang/liandan/p_cangtianlu|peifang/liandan/p_shenyusan|peifang/liandan/p_yingzhili|peifang/liandan/p_shenzhili|peifang/liandan/p_guizhili,,and
qingguangwang,bossdrop/29qingguangduanjian|bossdrop/29youmingtoudai|bossdrop/29mingyaopiwan|bossdrop/29mingyaoshoutao|bossdrop/29heiritoukui,peifang/duanzao/p_longyuanbaojian|peifang/duanzao/p_duyabishou|peifang/duanzao/p_tuyunchangjian|peifang/duanzao/p_baishengdao|peifang/duanzao/p_mangyabishou|peifang/duanzao/p_zherijujian,,and
bofuguiwang,bossdrop/29guiwangzhan|bossdrop/29guiwuhuwan|bossdrop/29guiwushoutao|bossdrop/29guiwuduanxue|bossdrop/29yingguipimao|bossdrop/29yingguiduanku|bossdrop/29yingguihuxiong|bossdrop/29linghuotiewan|bossdrop/29linghuotiezhi|bossdrop/29linghuozhanxue,peifang/liandan/p_jiuzhuanxianlinglu|peifang/liandan/p_huihundan|peifang/liandan/p_sanxianlu|peifang/liandan/p_shouwangdan|peifang/liandan/p_qiqiaodan|peifang/liandan/p_ranhundan,,and
yaoniaoguiche,bossdrop/29guilingxianglian|bossdrop/29guiwuhuwan|bossdrop/29guiwushoutao|bossdrop/29guiwuduanxue|bossdrop/29yingguipimao|bossdrop/29yingguiduanku|bossdrop/29yingguihuxiong|bossdrop/29linghuotiewan|bossdrop/29linghuotiezhi|bossdrop/29linghuozhanxue,peifang/liandan/p_huihundan|peifang/liandan/p_sanxianlu|peifang/liandan/p_shouwangdan|peifang/liandan/p_qiqiaodan|peifang/liandan/p_ranhundan,,and
xuhuanguishuai,bossdrop/29kuguiquanzhang|bossdrop/29youmingtoudai|bossdrop/29mingyaopiwan|bossdrop/29mingyaoshoutao|bossdrop/29heiritoukui,peifang/duanzao/p_suoritiewan|peifang/duanzao/p_suorishoutao|peifang/duanzao/p_fumozhongxue|peifang/duanzao/p_suoritoukui|peifang/duanzao/p_fumohutui|peifang/duanzao/p_fumozhanjia,,and
wanchengjinjiawang,bossdrop/19dushenfan|bossdrop/19duzhu,peifang/duanzao/p_qingyunjian|peifang/duanzao/p_chixiebishou|peifang/duanzao/p_yanchidao|peifang/duanzao/p_fantieshouwan|peifang/duanzao/p_suishishoutao|peifang/duanzao/p_suishizhongxue|peifang/duanzao/p_fantiekui|peifang/duanzao/p_fantiehutui|peifang/duanzao/p_fantiezhanjia,,and
dulongwang,bossdrop/19mangyecijian|bossdrop/19guaguliren|bossdrop/19jiakeyingzhuo,peifang/duanzao/p_qingyunjian|peifang/duanzao/p_chixiebishou|peifang/duanzao/p_yanchidao|peifang/duanzao/p_fantieshouwan|peifang/duanzao/p_suishishoutao|peifang/duanzao/p_suishizhongxue|peifang/duanzao/p_fantiekui|peifang/duanzao/p_fantiehutui|peifang/duanzao/p_fantiezhanjia,,and
xinlanhuayaowang,bossdrop/19xinlanyuguan|bossdrop/19xinlanchangku|bossdrop/19xinlanchangshan,peifang/liandan/p_huishendan|peifang/liandan/p_guiyuanlu|peifang/liandan/p_shenlidan|peifang/liandan/p_shensudan|peifang/liandan/p_yuzhisan|peifang/liandan/p_qingfengsan|peifang/liandan/p_tianhuodan|peifang/liandan/p_shenyandan|peifang/liandan/p_zaishengdan|peifang/liandan/p_jinxindan|peifang/liandan/p_jingangdan|peifang/liandan/p_ranfadan|peifang/liandan/p_suihundan,,and
wenzhulvyao,bossdrop/19bizhutouhuan|bossdrop/19bizhuchangku|bossdrop/19bizhuwaiyi,peifang/liandan/p_huishendan|peifang/liandan/p_guiyuanlu|peifang/liandan/p_shenlidan|peifang/liandan/p_shensudan|peifang/liandan/p_yuzhisan|peifang/liandan/p_qingfengsan|peifang/liandan/p_tianhuodan|peifang/liandan/p_shenyandan|peifang/liandan/p_zaishengdan|peifang/liandan/p_jinxindan|peifang/liandan/p_jingangdan|peifang/liandan/p_ranfadan|peifang/liandan/p_suihundan,,and
taiyangwang,bossdrop/19taiyangzhaomao|bossdrop/19hongrikujia|bossdrop/19huohongzhanjia,peifang/liandan/p_huishendan|peifang/liandan/p_guiyuanlu|peifang/liandan/p_shenlidan|peifang/liandan/p_shensudan|peifang/liandan/p_yuzhisan|peifang/liandan/p_qingfengsan|peifang/liandan/p_tianhuodan|peifang/liandan/p_shenyandan|peifang/liandan/p_zaishengdan|peifang/liandan/p_jinxindan|peifang/liandan/p_jingangdan|peifang/liandan/p_ranfadan|peifang/liandan/p_suihundan,,and
jinjiaolong,bossdrop/39jinlonghuwan|bossdrop/39tenglongpiwan|bossdrop/39zulongzhongwan,peifang/liandan/p_linghualu|peifang/liandan/p_huihundan|peifang/liandan/p_longhundan|peifang/liandan/p_nitianlu|peifang/liandan/p_fengyusan|peifang/liandan/p_moyingzhili|peifang/liandan/p_guishenzhili|peifang/liandan/p_mingguizhili|peifang/liandan/p_dahuihundan|peifang/liandan/p_jiutianxianlu|peifang/liandan/p_shoushendan|peifang/liandan/p_linglongdan|peifang/liandan/p_minghundan|peifang/duanzao/p_liehunshouwan|peifang/duanzao/p_liehunshoutao|peifang/duanzao/p_liehunzhongxue|peifang/duanzao/p_mowangkui|peifang/duanzao/p_podanhutui|peifang/duanzao/p_podanxiongjia|peifang/duanzao/p_zhanlujian|peifang/duanzao/p_lingbaobishou|peifang/duanzao/p_wangdaobaipi|peifang/duanzao/p_zhenhuojian,,and
mujiaolong,bossdrop/39mulongshouzhua|bossdrop/39tenglonghushou|bossdrop/39zulongtiezhua,peifang/liandan/p_linghualu|peifang/liandan/p_huihundan|peifang/liandan/p_longhundan|peifang/liandan/p_nitianlu|peifang/liandan/p_fengyusan|peifang/liandan/p_moyingzhili|peifang/liandan/p_guishenzhili|peifang/liandan/p_mingguizhili|peifang/liandan/p_dahuihundan|peifang/liandan/p_jiutianxianlu|peifang/liandan/p_shoushendan|peifang/liandan/p_linglongdan|peifang/liandan/p_minghundan|peifang/duanzao/p_liehunshouwan|peifang/duanzao/p_liehunshoutao|peifang/duanzao/p_liehunzhongxue|peifang/duanzao/p_mowangkui|peifang/duanzao/p_podanhutui|peifang/duanzao/p_podanxiongjia|peifang/duanzao/p_zhanlujian|peifang/duanzao/p_lingbaobishou|peifang/duanzao/p_wangdaobaipi|peifang/duanzao/p_zhenhuojian,,and
shuijiaolong,bossdrop/39shuilonglinxue|bossdrop/39tenglongruanpixue|bossdrop/39zulongzhanxue,peifang/liandan/p_linghualu|peifang/liandan/p_huihundan|peifang/liandan/p_longhundan|peifang/liandan/p_nitianlu|peifang/liandan/p_fengyusan|peifang/liandan/p_moyingzhili|peifang/liandan/p_guishenzhili|peifang/liandan/p_mingguizhili|peifang/liandan/p_dahuihundan|peifang/liandan/p_jiutianxianlu|peifang/liandan/p_shoushendan|peifang/liandan/p_linglongdan|peifang/liandan/p_minghundan|peifang/duanzao/p_liehunshouwan|peifang/duanzao/p_liehunshoutao|peifang/duanzao/p_liehunzhongxue|peifang/duanzao/p_mowangkui|peifang/duanzao/p_podanhutui|peifang/duanzao/p_podanxiongjia|peifang/duanzao/p_zhanlujian|peifang/duanzao/p_lingbaobishou|peifang/duanzao/p_wangdaobaipi|peifang/duanzao/p_zhenhuojian,,and
huojiaolong,bossdrop/39huolongchongtianguan|bossdrop/39tenglongmianju|bossdrop/39zulongtoukui,peifang/liandan/p_linghualu|peifang/liandan/p_huihundan|peifang/liandan/p_longhundan|peifang/liandan/p_nitianlu|peifang/liandan/p_fengyusan|peifang/liandan/p_moyingzhili|peifang/liandan/p_guishenzhili|peifang/liandan/p_mingguizhili|peifang/liandan/p_dahuihundan|peifang/liandan/p_jiutianxianlu|peifang/liandan/p_shoushendan|peifang/liandan/p_linglongdan|peifang/liandan/p_minghundan|peifang/duanzao/p_liehunshouwan|peifang/duanzao/p_liehunshoutao|peifang/duanzao/p_liehunzhongxue|peifang/duanzao/p_mowangkui|peifang/duanzao/p_podanhutui|peifang/duanzao/p_podanxiongjia|peifang/duanzao/p_zhanlujian|peifang/duanzao/p_lingbaobishou|peifang/duanzao/p_wangdaobaipi|peifang/duanzao/p_zhenhuojian,,and
tujiaolong,bossdrop/39tulongchangku|bossdrop/39tenglongchangku|bossdrop/39zulongkujia,peifang/liandan/p_linghualu|peifang/liandan/p_huihundan|peifang/liandan/p_longhundan|peifang/liandan/p_nitianlu|peifang/liandan/p_fengyusan|peifang/liandan/p_moyingzhili|peifang/liandan/p_guishenzhili|peifang/liandan/p_mingguizhili|peifang/liandan/p_dahuihundan|peifang/liandan/p_jiutianxianlu|peifang/liandan/p_shoushendan|peifang/liandan/p_linglongdan|peifang/liandan/p_minghundan|peifang/duanzao/p_liehunshouwan|peifang/duanzao/p_liehunshoutao|peifang/duanzao/p_liehunzhongxue|peifang/duanzao/p_mowangkui|peifang/duanzao/p_podanhutui|peifang/duanzao/p_podanxiongjia|peifang/duanzao/p_zhanlujian|peifang/duanzao/p_lingbaobishou|peifang/duanzao/p_wangdaobaipi|peifang/duanzao/p_zhenhuojian,,and
qicailong,bossdrop/39qicailongchangpao|bossdrop/39tenglongwaitao|bossdrop/39zulongzhongkai|bossdrop/39polongjie|bossdrop/39longhunzhu|bossdrop/42duocaihuwan|bossdrop/42duocaizhitao|bossdrop/42duocaibuxue|bossdrop/42xiaguangtoushi|bossdrop/42duocaichangku|bossdrop/42yaolongpao,peifang/liandan/p_linghualu|peifang/liandan/p_huihundan|peifang/liandan/p_longhundan|peifang/liandan/p_nitianlu|peifang/liandan/p_fengyusan|peifang/liandan/p_moyingzhili|peifang/liandan/p_guishenzhili|peifang/liandan/p_mingguizhili|peifang/liandan/p_dahuihundan|peifang/liandan/p_jiutianxianlu|peifang/liandan/p_shoushendan|peifang/liandan/p_linglongdan|peifang/liandan/p_minghundan|peifang/duanzao/p_liehunshouwan|peifang/duanzao/p_liehunshoutao|peifang/duanzao/p_liehunzhongxue|peifang/duanzao/p_mowangkui|peifang/duanzao/p_podanhutui|peifang/duanzao/p_podanxiongjia|peifang/duanzao/p_zhanlujian|peifang/duanzao/p_lingbaobishou|peifang/duanzao/p_wangdaobaipi|peifang/duanzao/p_zhenhuojian,,and
jinchijiaolongwang,bossdrop/39gulongzhang|bossdrop/39canghaizhanjian|bossdrop/39longyihuixuanbi|bossdrop/39longyajiandao|bossdrop/39caixiashouzhuo|bossdrop/42yinglonghuguang|bossdrop/42yinglongzhuoyue|bossdrop/42yinglongtawu|bossdrop/42yinglongbiri|bossdrop/42yinglongbaiwei|bossdrop/42yinglonghuaxing,peifang/liandan/p_linghualu|peifang/liandan/p_huihundan|peifang/liandan/p_longhundan|peifang/liandan/p_nitianlu|peifang/liandan/p_fengyusan|peifang/liandan/p_moyingzhili|peifang/liandan/p_guishenzhili|peifang/liandan/p_mingguizhili|peifang/liandan/p_dahuihundan|peifang/liandan/p_jiutianxianlu|peifang/liandan/p_shoushendan|peifang/liandan/p_linglongdan|peifang/liandan/p_minghundan|peifang/duanzao/p_liehunshouwan|peifang/duanzao/p_liehunshoutao|peifang/duanzao/p_liehunzhongxue|peifang/duanzao/p_mowangkui|peifang/duanzao/p_podanhutui|peifang/duanzao/p_podanxiongjia|peifang/duanzao/p_zhanlujian|peifang/duanzao/p_lingbaobishou|peifang/duanzao/p_wangdaobaipi|peifang/duanzao/p_zhenhuojian,,and
liubimojun,bossdrop/45jianyingbishou|bossdrop/45zhizunhushou|bossdrop/45zhizunshoutao|bossdrop/45zhizuntiezhua,peifang/duanzao/p_ganjiang|peifang/duanzao/p_moxie|peifang/duanzao/p_shenjianchixiao|peifang/duanzao/p_wanliqiyunyan,bossdrop/bawanghuiji,and
longkuigongzhu,bossdrop/45zhizunbulv|bossdrop/45zhizunpixue|bossdrop/45zhizunzhanxue,peifang/duanzao/p_ganjiang|peifang/duanzao/p_moxie|peifang/duanzao/p_shenjianchixiao|peifang/duanzao/p_wanliqiyunyan,bossdrop/bawanghuiji,and
shangtangzhihun,bossdrop/45zhizunyushi|bossdrop/45zhizuntoujin|bossdrop/45zhizunmianju,peifang/duanzao/p_ganjiang|peifang/duanzao/p_moxie|peifang/duanzao/p_shenjianchixiao|peifang/duanzao/p_wanliqiyunyan,bossdrop/bawanghuiji,and
hunshitianmowang,bossdrop/45daoguangjian|bossdrop/45huntianshuangdao|bossdrop/45zhizunshengun,peifang/duanzao/p_ganjiang|peifang/duanzao/p_moxie|peifang/duanzao/p_shenjianchixiao|peifang/duanzao/p_wanliqiyunyan|peifang/duanzao/p_xiefengxian|peifang/duanzao/p_yuqiongjiang|peifang/duanzao/p_putizi|peifang/duanzao/p_zhongxianzui|peifang/duanzao/p_zhuxianjian|peifang/duanzao/p_tuxianjian|peifang/duanzao/p_juexianjian|peifang/duanzao/p_xianxianjian|peifang/duanzao/p_bingjingningshenkui|peifang/duanzao/p_babaoliulikai,bossdrop/bawanghuiji,and
choulounianshou,bossdrop/10xuanyuanzhihuan|jewelry/49shuanghandiaozhui|jewelry/49xingmangzhihuan|bossdrop/10yanyanxianglian|bossdrop/10ningfengshouzhuo|bossdrop/10luohuakou|bossdrop/10xiliuxianglian|bossdrop/10liujinshouhuan|bossdrop/10piaomiaozhihuan|bossdrop/10luoyuexianglian|bossdrop/10changyeshouhuan,baoxiang/hongbao|bossdrop/nianshoulingshi|bossdrop/nianshoulingshi2|bossdrop/nianshoulingshi3,and
xiongenianshou,bossdrop/30duanzhikou|jewelry/49shuanghandiaozhui|jewelry/49xingmangzhihuan|bossdrop/30dongtianxiangquan|bossdrop/30jingjishouhuan|bossdrop/30qingyuezhihuan|bossdrop/30ningjiexianglian|bossdrop/30lingguangshouzhuo|bossdrop/30xuyuezhikou|bossdrop/30huanyingxianglian|bossdrop/30mengjingshouzhuo,baoxiang/hongbao|bossdrop/nianshoulingshi|bossdrop/nianshoulingshi2|bossdrop/nianshoulingshi3,and
canrennianshou,bossdrop/50dingshanzhihuan|jewelry/49shuanghandiaozhui|jewelry/49xingmangzhihuan|bossdrop/50zhenhaixiangquan|bossdrop/50qingtianshouzhuo|bossdrop/50yuanyangkou|bossdrop/50heyuanhuan|bossdrop/50yuxiangzhuo|bossdrop/50piaoyuezhihuan|bossdrop/50youyingxianghuan|bossdrop/50moyinshouhuan,baoxiang/hongbao|bossdrop/nianshoulingshi|bossdrop/nianshoulingshi2|bossdrop/nianshoulingshi3,and
liudaocanrennianshou,bossdrop/50dingshanzhihuan|jewelry/49shuanghandiaozhui|jewelry/49xingmangzhihuan|bossdrop/50zhenhaixiangquan|bossdrop/50qingtianshouzhuo|bossdrop/50yuanyangkou|bossdrop/50heyuanhuan|bossdrop/50yuxiangzhuo|bossdrop/50piaoyuezhihuan|bossdrop/50youyingxianghuan|bossdrop/50moyinshouhuan,baoxiang/hongbao|bossdrop/nianshoulingshi|bossdrop/nianshoulingshi2|bossdrop/nianshoulingshi3,and
wusejiecanrennianshou,bossdrop/nianshoulingshiwuse|bossdrop/nianshoulingshiwuse2|bossdrop/nianshoulingshiwuse3,other/lunhuifuyin|bossdrop/nianshoulingshilisanjie|bossdrop/nianshoulingshilisanjie2|bossdrop/nianshoulingshilisanjie3,and
lisanjiecanrennianshou,bossdrop/nianshoulingshilisanjie|bossdrop/nianshoulingshilisanjie2|bossdrop/nianshoulingshilisanjie3,other/lunhuifuyin|bossdrop/nianshoulingshilisanjie|bossdrop/nianshoulingshilisanjie2|bossdrop/nianshoulingshilisanjie3,and
shexingnianshou,bossdrop/nvwalingshi|bossdrop/nvwalingshi2|bossdrop/nvwalingshi3,other/lunhuifuyin|bossdrop/nvwalingshi|bossdrop/nvwalingshi|bossdrop/nvwalingshi,and
qiannianzhijijing,bossdrop/55zhanhundao|bossdrop/55zhanhunshoutao|bossdrop/55shixuetoukui|bossdrop/55shixuetuijia|bossdrop/55shixuekuijia|bossdrop/55qiankunxue|bossdrop/55qiankunmianju|bossdrop/55tiandishouzhuo,bossdrop/hundunsuipian|bossdrop/xuehuoshi,and
yushipipajing,bossdrop/55zhanhunhuwan|bossdrop/55zhanhuntoukui|bossdrop/55shixuedao|bossdrop/55shixuebishou|bossdrop/55shixueyingxue|bossdrop/55qiankunhutui|bossdrop/55qiankunfapao|bossdrop/55tiandizhihuan,bossdrop/hundunsuipian|bossdrop/xuehuoshi,and
qiannianhulijing,bossdrop/55zhanhunkuijia|bossdrop/55zhanhunhutui|bossdrop/55zhanhunxue|bossdrop/55shixueshouwan|bossdrop/55shixueshoutao|bossdrop/55qiankunquanzhang|bossdrop/55qiankunshouwan|bossdrop/55qiankunshoutao|bossdrop/55tiandizhiyi|bossdrop/55tiandixiangquan,bossdrop/hundunsuipian|bossdrop/xuehuoshi,and
taorong,bossdrop/12ziyuzhuo|bossdrop/12hongzhuohuan|bossdrop/12lanjingshouzhuo|bossdrop/12ziyuxianglian|bossdrop/12hongzhuojingshi|bossdrop/12lanjingjinghuan,,and
xinhuan,bossdrop/12huangyushouzhuo|bossdrop/12cuibihuan|bossdrop/12qingyuzhuo|bossdrop/12huangyuxianglian|bossdrop/12cuibijingshi|bossdrop/12qingyujinghuan,,and
hongjin,bossdrop/20huoyunhuan|bossdrop/20duanshuijie|bossdrop/20luohuazhikou|bossdrop/20huoyunpifeng|bossdrop/20duanshuipifeng|bossdrop/20luohuapifeng|bossdrop/20huoyunshouhuan|bossdrop/20duanshuishouhuan|bossdrop/20luohuahuan,,and
fajie,bossdrop/28lengyinxianglian|bossdrop/28liuguangjingshi|bossdrop/28queyunjinghuan|bossdrop/28lengyinzhikou|bossdrop/28rouguangzhikou|bossdrop/28queyunjie|bossdrop/28lengyinzhuo|bossdrop/28liuguangshouhuan|bossdrop/28queyunshouhuan,,and
mayuan,bossdrop/36zhanpopifeng|bossdrop/36qingwupifeng|bossdrop/36ningwangpifeng|bossdrop/36zhanpoxiangquan|bossdrop/36qingwuxianglian|bossdrop/36ningwangjingshi|bossdrop/36zhanpozhijie|bossdrop/36qingwuzhijie,,and
chenqi,bossdrop/36ningwangzhijie|bossdrop/44lengmoshouzhuo|bossdrop/44limingzhihuan|bossdrop/44bingxianshouhuan|bossdrop/44lengmopifeng|bossdrop/44limingzhifeng|bossdrop/44bingxianpifeng|bossdrop/44lengmojingshi|bossdrop/44limingjingshi|bossdrop/44bingxianzhihuan,,and
zhenglun,bossdrop/52ranshaoshouhuan|bossdrop/52yinyueshouhuan|bossdrop/52fengnuhuan|bossdrop/52ranshaopifeng|bossdrop/52yinyuepifeng|bossdrop/52fengnupifeng|bossdrop/52ranshaoxiangquan|bossdrop/52yinyuezhilian|bossdrop/52fengnuxiangquan|bossdrop/52ranshaozhikou|bossdrop/52yinyuezhikou|bossdrop/52fengnuzhikou,,and
xueduchongwang,bossdrop/60nuhoukukai|bossdrop/60nuhousuojia|bossdrop/60eyunpixue|bossdrop/60eyunpimao|bossdrop/60guiwuchangku|bossdrop/60guiwufapao|bossdrop/60xuehoushuangdao|bossdrop/60jiliaofazhang,,end
youanmeiying,bossdrop/60nuhoutiewan|bossdrop/60nuhoutieshou|bossdrop/60eyunpiwan|bossdrop/60eyunpishou|bossdrop/60guiwubulv|bossdrop/60guiwutoushi|bossdrop/60huanfengchangjian|bossdrop/60liuxuebishou|bossdrop/60guxingpifeng,,end
zhouzhiningsi,bossdrop/60nuhouzhanxue|bossdrop/60nuhoutoukui|bossdrop/60guiwubuwan|bossdrop/60guiwubushou|bossdrop/60eyunpiku|bossdrop/60eyunwaitao|bossdrop/60guxingzhikou|bossdrop/60guxingshouhuan|bossdrop/60guxingzhuishi,,end
luojindiexian,armor/65feiyangtiewan|armor/65feiyangtieshou|armor/65xiewupiwan|armor/65xiewupishou|armor/65bingroubuwan|armor/65bingroubushou|jewelry/65guixingzhihuan|jewelry/65guixingshouhuan|weapon/65liuyunfazhang,,end
juyunguai,armor/65feiyangzhanxue|armor/65feiyangtoukui|armor/65xiewupixue|armor/65xiewupimao|armor/65bingroubulv|armor/65bingroutoushi|weapon/65huanyunshuangdao,,end
feizhongyuanhun,armor/65feiyangkukai|armor/65feiyangsuojia|armor/65xiewupiku|armor/65xiewuwaitao|armor/65bingrouchangku|armor/65bingroufapao|jewelry/65guixingxianglian|jewelry/65guixingpifeng|weapon/65qieyunchangjian|weapon/65liyunbishou,,end
feitianshennv,armor/70gutiantiewan|armor/70gutiantieshou|armor/70xieyunpiwan|armor/70xieyunpishou|armor/70linghuobuwan|armor/70linghuobushou|weapon/70yunraoshuangdao|jewelry/70shaxingxianglian,,end
baiyushen,armor/70gutianzhanxue|armor/70gutiantoukui|armor/70xieyunpiku|armor/70xieyunwaitao|armor/70linghuobulv|armor/70linghuotoushi|jewelry/70shaxingpifeng|weapon/70yunraofazhang,,end
zhouzhikuxu,armor/70gutiankukai|armor/70gutiansuojia|armor/70xieyunpixue|armor/70xieyunpimao|armor/70linghuochangku|armor/70linghuofapao|weapon/70yunraochangjian|weapon/70yunraonbishou|jewelry/70shaxingzhihuan|jewelry/70shaxingshouhuan,,end
